Kategória,Név,Leírás,Ár,Kor,Méret,Típus,Új/Használt,Képnév törzse,CatID,TypeID,AgeID
Gyerek > Gyerekruhák > Gyerekruházat > Gyerekruha szettek,2 részes együttes,"Eladó a képen látható, új 2 részes együttes. A termékkel kapcsolatos további kérdéseivel kérem forduljon hozzám bizalommal!",1 890 Ft,4-5 év (gyerek),116,Unisex,új,IMG_9463,gyerek-gyerekruha-ruha-szett,egyeb,y4-5
"Gyerek > Gyerekruhák > Gyerekruházat > Gyerek felsőruházat, pólók, pulóverek",Pulóver,"Eladó a képen látható, új Pulóver. A termékkel kapcsolatos további kérdéseivel kérem forduljon hozzám bizalommal!",2 990 Ft,4-5 év (gyerek),116,Unisex,új,IMG_9480,gyerek-gyerekruha-ruha-felso,egyeb,y4-5
"Gyerek > Gyerekruhák > Gyerekruházat > Gyerek felsőruházat, pólók, pulóverek",Pulóver,"Eladó a képen látható, új Pulóver. A termékkel kapcsolatos további kérdéseivel kérem forduljon hozzám bizalommal!",2 990 Ft,4-5 év (gyerek),116,Unisex,új,IMG_9480,gyerek-gyerekruha-ruha-felso,egyeb,y4-5
"Gyerek > Gyerekruhák > Gyerekruházat > Gyerek felsőruházat, pólók, pulóverek",Póló,"Eladó a képen látható, új Póló. A termékkel kapcsolatos további kérdéseivel kérem forduljon hozzám bizalommal!",990Ft,4-5 év (gyerek),116,Unisex,új,IMG_9424,gyerek-gyerekruha-ruha-felso,egyeb,y4-5
Gyerek > Gyerekruhák > Gyerekruházat > Gyereknadrágok,Short,"Eladó a képen látható, új Short. A termékkel kapcsolatos további kérdéseivel kérem forduljon hozzám bizalommal!",3 690 Ft,6-7 év (gyerek),122,Unisex,új,IMG_9324,gyerek-gyerekruha-ruha-nadrag,egyeb,y6-7
"Gyerek > Gyerekruhák > Gyerekruházat > Gyerek felsőruházat, pólók, pulóverek",Pulóver,"Eladó a képen látható, új Pulóver. A termékkel kapcsolatos további kérdéseivel kérem forduljon hozzám bizalommal!",2 490 Ft,4-5 év (gyerek),116,Unisex,új,IMG_9486,gyerek-gyerekruha-ruha-felso,egyeb,y4-5
Gyerek > Gyerekruhák > Gyerekruházat > Gyereknadrágok,Nadrág,"Eladó a képen látható, új Nadrág. A termékkel kapcsolatos további kérdéseivel kérem forduljon hozzám bizalommal!",4 490 Ft,6-7 év (gyerek),122,Unisex,új,IMG_9276,gyerek-gyerekruha-ruha-nadrag,egyeb,y6-7
"Gyerek > Gyerekruhák > Gyerekruházat > Gyerek felsőruházat, pólók, pulóverek",Pulóver,"Eladó a képen látható, új Pulóver. A termékkel kapcsolatos további kérdéseivel kérem forduljon hozzám bizalommal!",2 490 Ft,6-7 év (gyerek),122,Unisex,új,IMG_9267,gyerek-gyerekruha-ruha-felso,egyeb,y6-7
"Gyerek > Gyerekruhák > Gyerekruházat > Lánykaruhák, szoknyák",Szoknya,"Eladó a képen látható, új Szoknya. A termékkel kapcsolatos további kérdéseivel kérem forduljon hozzám bizalommal!",3 990 Ft,4-5 év (gyerek),116,Lány,új,IMG_9446,gyerek-gyerekruha-ruha-szoknya,lany,y4-5
"Gyerek > Gyerekruhák > Gyerekruházat > Gyerek felsőruházat, pólók, pulóverek",Póló,"Eladó a képen látható, új Póló. A termékkel kapcsolatos további kérdéseivel kérem forduljon hozzám bizalommal!",2 390 Ft,4-5 év (gyerek),116,Unisex,új,IMG_9423,gyerek-gyerekruha-ruha-felso,egyeb,y4-5
"Gyerek > Gyerekruhák > Gyerekruházat > Gyerek felsőruházat, pólók, pulóverek",Pulóver,"Eladó a képen látható, új Pulóver. A termékkel kapcsolatos további kérdéseivel kérem forduljon hozzám bizalommal!",2 490 Ft,6-7 év (gyerek),122,Unisex,új,IMG_9333,gyerek-gyerekruha-ruha-felso,egyeb,y6-7
Gyerek > Gyerekruhák > Gyerekruházat > Gyereknadrágok,Nadrág,"Eladó a képen látható, új Nadrág. A termékkel kapcsolatos további kérdéseivel kérem forduljon hozzám bizalommal!",2 990 Ft,6-7 év (gyerek),122,Unisex,új,IMG_9233,gyerek-gyerekruha-ruha-nadrag,egyeb,y6-7
"Gyerek > Gyerekruhák > Gyerekruházat > Gyerek felsőruházat, pólók, pulóverek",Pulóver,"Eladó a képen látható, új Pulóver. A termékkel kapcsolatos további kérdéseivel kérem forduljon hozzám bizalommal!",2 490 Ft,6-7 év (gyerek),122,Unisex,új,IMG_9258,gyerek-gyerekruha-ruha-felso,egyeb,y6-7
"Gyerek > Gyerekruhák > Gyerekruházat > Gyerek felsőruházat, pólók, pulóverek",Pulóver,"Eladó a képen látható, új Pulóver. A termékkel kapcsolatos további kérdéseivel kérem forduljon hozzám bizalommal!",2 290 Ft,4-5 év (gyerek),116,Unisex,új,IMG_9489,gyerek-gyerekruha-ruha-felso,egyeb,y4-5
"Gyerek > Gyerekruhák > Gyerekruházat > Gyerek felsőruházat, pólók, pulóverek",Pulóver,"Eladó a képen látható, új Pulóver. A termékkel kapcsolatos további kérdéseivel kérem forduljon hozzám bizalommal!",2 990 Ft,4-5 év (gyerek),116,Unisex,új,IMG_9488,gyerek-gyerekruha-ruha-felso,egyeb,y4-5
"Gyerek > Gyerekruhák > Gyerekruházat > Gyerek felsőruházat, pólók, pulóverek",Pulóver,"Eladó a képen látható, új Pulóver. A termékkel kapcsolatos további kérdéseivel kérem forduljon hozzám bizalommal!",3 990 Ft,6-7 év (gyerek),122,Unisex,új,IMG_9260,gyerek-gyerekruha-ruha-felso,egyeb,y6-7
"Gyerek > Gyerekruhák > Gyerekruházat > Gyerek felsőruházat, pólók, pulóverek",Póló,"Eladó a képen látható, új Póló. A termékkel kapcsolatos további kérdéseivel kérem forduljon hozzám bizalommal!",1 890 Ft,4-5 év (gyerek),116,Unisex,új,IMG_9418,gyerek-gyerekruha-ruha-felso,egyeb,y4-5
"Gyerek > Gyerekruhák > Gyerekruházat > Gyerek felsőruházat, pólók, pulóverek",Póló,"Eladó a képen látható, új Póló. A termékkel kapcsolatos további kérdéseivel kérem forduljon hozzám bizalommal!",1 890 Ft,4-5 év (gyerek),116,Unisex,új,IMG_9420,gyerek-gyerekruha-ruha-felso,egyeb,y4-5
"Gyerek > Gyerekruhák > Gyerekruházat > Gyerek felsőruházat, pólók, pulóverek",Póló,"Eladó a képen látható, új Póló. A termékkel kapcsolatos további kérdéseivel kérem forduljon hozzám bizalommal!",1 890 Ft,6-7 év (gyerek),122,Unisex,új,IMG_9327,gyerek-gyerekruha-ruha-felso,egyeb,y6-7
"Gyerek > Gyerekruhák > Gyerekruházat > Gyerek felsőruházat, pólók, pulóverek",Pulóver,"Eladó a képen látható, új Pulóver. A termékkel kapcsolatos további kérdéseivel kérem forduljon hozzám bizalommal!",2 490 Ft,4-5 év (gyerek),116,Unisex,új,IMG_9492,gyerek-gyerekruha-ruha-felso,egyeb,y4-5
"Gyerek > Gyerekruhák > Gyerekruházat > Gyerek felsőruházat, pólók, pulóverek",Pulóver,"Eladó a képen látható, új Pulóver. A termékkel kapcsolatos további kérdéseivel kérem forduljon hozzám bizalommal!",3 290 Ft,6-7 év (gyerek),122,Unisex,új,IMG_9261,gyerek-gyerekruha-ruha-felso,egyeb,y6-7
"Gyerek > Gyerekruhák > Gyerekruházat > Gyerek felsőruházat, pólók, pulóverek",Pulóver,"Eladó a képen látható, új Pulóver. A termékkel kapcsolatos további kérdéseivel kérem forduljon hozzám bizalommal!",2 490 Ft,6-7 év (gyerek),122,Unisex,új,IMG_9262,gyerek-gyerekruha-ruha-felso,egyeb,y6-7
"Gyerek > Gyerekruhák > Gyerekruházat > Gyerek felsőruházat, pólók, pulóverek",Póló,"Eladó a képen látható, új Póló. A termékkel kapcsolatos további kérdéseivel kérem forduljon hozzám bizalommal!",990Ft,6-7 év (gyerek),122,Unisex,új,IMG_9328,gyerek-gyerekruha-ruha-felso,egyeb,y6-7
Gyerek > Gyerekruhák > Gyerekruházat > Gyereknadrágok,Nadrág,"Eladó a képen látható, új Nadrág. A termékkel kapcsolatos további kérdéseivel kérem forduljon hozzám bizalommal!",2 680 Ft,4-5 év (gyerek),116,Unisex,új,IMG_9377,gyerek-gyerekruha-ruha-nadrag,egyeb,y4-5
"Gyerek > Gyerekruhák > Gyerekruházat > Gyerek alsónemű, hálóruha",Atléta,"Eladó a képen látható, új Atléta. A termékkel kapcsolatos további kérdéseivel kérem forduljon hozzám bizalommal!",990Ft,6-7 év (gyerek),122,Unisex,új,IMG_9350,gyerek-gyerekruha-ruha-also,egyeb,y6-7
Gyerek > Gyerekruhák > Gyerekruházat > Gyerekruha szettek,2 részes együttes,"Eladó a képen látható, új 2 részes együttes. A termékkel kapcsolatos további kérdéseivel kérem forduljon hozzám bizalommal!",1 890 Ft,4-5 év (gyerek),116,Unisex,új,IMG_9464,gyerek-gyerekruha-ruha-szett,egyeb,y4-5
"Gyerek > Gyerekruhák > Gyerekruházat > Gyerek felsőruházat, pólók, pulóverek",Pulóver,"Eladó a képen látható, új Pulóver. A termékkel kapcsolatos további kérdéseivel kérem forduljon hozzám bizalommal!",2 490 Ft,4-5 év (gyerek),116,Unisex,új,IMG_9481,gyerek-gyerekruha-ruha-felso,egyeb,y4-5
"Baba > Babaruházat > Babaruha > Baba szabadidőruhák, együttesek, szettek",Pamut 2 részes együttes,"Eladó a képen látható, új Pamut 2 részes együttes. A termékkel kapcsolatos további kérdéseivel kérem forduljon hozzám bizalommal!",2 690 Ft,0-3 hó (baba),62,Unisex,új,IMG_9567,baba-babaruha-babaruha-szabadido,egyeb,m0-3
"Gyerek > Gyerekruhák > Gyerekruházat > Lánykaruhák, szoknyák",Ruha,"Eladó a képen látható, új Ruha. A termékkel kapcsolatos további kérdéseivel kérem forduljon hozzám bizalommal!",5 490 Ft,6-7 év (gyerek),122,Unisex,új,IMG_9292,gyerek-gyerekruha-ruha-szoknya,egyeb,y6-7
Gyerek > Gyerekruhák > Gyerekruházat > Gyereknadrágok,Nadrág,"Eladó a képen látható, új Nadrág. A termékkel kapcsolatos további kérdéseivel kérem forduljon hozzám bizalommal!",3 990 Ft,6-7 év (gyerek),122,Unisex,új,IMG_9232,gyerek-gyerekruha-ruha-nadrag,egyeb,y6-7
Gyerek > Gyerekruhák > Gyerekruházat > Gyerekruha szettek,2 részes együttes,"Eladó a képen látható, új 2 részes együttes. A termékkel kapcsolatos további kérdéseivel kérem forduljon hozzám bizalommal!",4 190 Ft,4-5 év (gyerek),116,Unisex,új,IMG_9451,gyerek-gyerekruha-ruha-szett,egyeb,y4-5
Gyerek > Gyerekruhák > Gyerekruházat > Gyereknadrágok,Nadrág,"Eladó a képen látható, új Nadrág. A termékkel kapcsolatos további kérdéseivel kérem forduljon hozzám bizalommal!",2 990 Ft,6-7 év (gyerek),122,Unisex,új,IMG_9269,gyerek-gyerekruha-ruha-nadrag,egyeb,y6-7
"Gyerek > Gyerekruhák > Gyerekruházat > Lánykaruhák, szoknyák",Ruha,"Eladó a képen látható, új Ruha. A termékkel kapcsolatos további kérdéseivel kérem forduljon hozzám bizalommal!",1 490 Ft,4-5 év (gyerek),116,Unisex,új,IMG_9361,gyerek-gyerekruha-ruha-szoknya,egyeb,y4-5
"Gyerek > Gyerekruhák > Gyerekruházat > Lánykaruhák, szoknyák",Ruha,"Eladó a képen látható, új Ruha. A termékkel kapcsolatos további kérdéseivel kérem forduljon hozzám bizalommal!",1 490 Ft,6-7 év (gyerek),122,Unisex,új,IMG_9293,gyerek-gyerekruha-ruha-szoknya,egyeb,y6-7
"Gyerek > Gyerekruhák > Gyerekruházat > Gyerek alsónemű, hálóruha",Atléta,"Eladó a képen látható, új Atléta. A termékkel kapcsolatos további kérdéseivel kérem forduljon hozzám bizalommal!",990Ft,4-5 év (gyerek),116,Unisex,új,IMG_9403,gyerek-gyerekruha-ruha-also,egyeb,y4-5
"Gyerek > Gyerekruhák > Gyerekruházat > Gyerek alsónemű, hálóruha",Atléta,"Eladó a képen látható, új Atléta. A termékkel kapcsolatos további kérdéseivel kérem forduljon hozzám bizalommal!",890Ft,6-7 év (gyerek),122,Unisex,új,IMG_9239,gyerek-gyerekruha-ruha-also,egyeb,y6-7
"Gyerek > Gyerekruhák > Gyerekruházat > Gyerek felsőruházat, pólók, pulóverek",Pulóver,"Eladó a képen látható, új Pulóver. A termékkel kapcsolatos további kérdéseivel kérem forduljon hozzám bizalommal!",2 490 Ft,4-5 év (gyerek),116,Unisex,új,IMG_9491,gyerek-gyerekruha-ruha-felso,egyeb,y4-5
"Gyerek > Gyerekruhák > Gyerekruházat > Gyerek felsőruházat, pólók, pulóverek",Póló,"Eladó a képen látható, új Póló. A termékkel kapcsolatos további kérdéseivel kérem forduljon hozzám bizalommal!",2 490 Ft,6-7 év (gyerek),122,Unisex,új,IMG_9329,gyerek-gyerekruha-ruha-felso,egyeb,y6-7
"Gyerek > Gyerekruhák > Gyerekruházat > Gyerek felsőruházat, pólók, pulóverek",Póló,"Eladó a képen látható, új Póló. A termékkel kapcsolatos további kérdéseivel kérem forduljon hozzám bizalommal!",2 490 Ft,6-7 év (gyerek),122,Unisex,új,IMG_9329,gyerek-gyerekruha-ruha-felso,egyeb,y6-7
"Gyerek > Gyerekruhák > Gyerekruházat > Gyerek felsőruházat, pólók, pulóverek",Póló,"Eladó a képen látható, új Póló. A termékkel kapcsolatos további kérdéseivel kérem forduljon hozzám bizalommal!",2 380 Ft,6-7 év (gyerek),122,Unisex,új,IMG_9331,gyerek-gyerekruha-ruha-felso,egyeb,y6-7
"Gyerek > Gyerekruhák > Gyerekruházat > Gyerek felsőruházat, pólók, pulóverek",Póló,"Eladó a képen látható, új Póló. A termékkel kapcsolatos további kérdéseivel kérem forduljon hozzám bizalommal!",2 190 Ft,4-5 év (gyerek),116,Unisex,új,IMG_9422,gyerek-gyerekruha-ruha-felso,egyeb,y4-5
"Gyerek > Gyerekruhák > Gyerekruházat > Gyerek felsőruházat, pólók, pulóverek",Póló,"Eladó a képen látható, új Póló. A termékkel kapcsolatos további kérdéseivel kérem forduljon hozzám bizalommal!",2 190 Ft,4-5 év (gyerek),116,Unisex,új,IMG_9421,gyerek-gyerekruha-ruha-felso,egyeb,y4-5
"Gyerek > Gyerekruhák > Gyerekruházat > Lánykaruhák, szoknyák",Szoknya,"Eladó a képen látható, új Szoknya. A termékkel kapcsolatos további kérdéseivel kérem forduljon hozzám bizalommal!",2 990 Ft,6-7 év (gyerek),122,Lány,új,IMG_9294,gyerek-gyerekruha-ruha-szoknya,lany,y6-7
"Gyerek > Gyerekruhák > Gyerekruházat > Gyerek felsőruházat, pólók, pulóverek",Pulóver,"Eladó a képen látható, új Pulóver. A termékkel kapcsolatos további kérdéseivel kérem forduljon hozzám bizalommal!",4 190 Ft,6-7 év (gyerek),122,Unisex,új,IMG_9257,gyerek-gyerekruha-ruha-felso,egyeb,y6-7
"Gyerek > Gyerekruhák > Gyerekruházat > Gyerek felsőruházat, pólók, pulóverek",Pulóver,"Eladó a képen látható, új Pulóver. A termékkel kapcsolatos további kérdéseivel kérem forduljon hozzám bizalommal!",4 490 Ft,4-5 év (gyerek),116,Unisex,új,IMG_9478,gyerek-gyerekruha-ruha-felso,egyeb,y4-5
"Gyerek > Gyerekruhák > Gyerekruházat > Gyerek felsőruházat, pólók, pulóverek",Pulóver,"Eladó a képen látható, új Pulóver. A termékkel kapcsolatos további kérdéseivel kérem forduljon hozzám bizalommal!",4 490 Ft,6-7 év (gyerek),122,Unisex,új,IMG_9265,gyerek-gyerekruha-ruha-felso,egyeb,y6-7
"Gyerek > Gyerekruhák > Gyerekruházat > Gyerek alsónemű, hálóruha",Hálóka,"Eladó a képen látható, új Hálóka. A termékkel kapcsolatos további kérdéseivel kérem forduljon hozzám bizalommal!",1 790 Ft,4-5 év (gyerek),116,Unisex,új,IMG_9353,gyerek-gyerekruha-ruha-also,egyeb,y4-5
"Gyerek > Gyerekruhák > Gyerekruházat > Gyerek felsőruházat, pólók, pulóverek",Pulóver,"Eladó a képen látható, új Pulóver. A termékkel kapcsolatos további kérdéseivel kérem forduljon hozzám bizalommal!",2 990 Ft,6-7 év (gyerek),122,Unisex,új,IMG_9264,gyerek-gyerekruha-ruha-felso,egyeb,y6-7
"Gyerek > Gyerekruhák > Gyerekruházat > Gyerek felsőruházat, pólók, pulóverek",Pulóver,"Eladó a képen látható, új Pulóver. A termékkel kapcsolatos további kérdéseivel kérem forduljon hozzám bizalommal!",1 990 Ft,4-5 év (gyerek),116,Unisex,új,IMG_9485,gyerek-gyerekruha-ruha-felso,egyeb,y4-5
Gyerek > Gyerekruhák > Gyerekruházat > Gyereknadrágok,Nadrág,"Eladó a képen látható, új Nadrág. A termékkel kapcsolatos további kérdéseivel kérem forduljon hozzám bizalommal!",2 990 Ft,4-5 év (gyerek),116,Unisex,új,IMG_9471,gyerek-gyerekruha-ruha-nadrag,egyeb,y4-5
Gyerek > Gyerekruhák > Gyerekruházat > Gyereknadrágok,Short,"Eladó a képen látható, új Short. A termékkel kapcsolatos további kérdéseivel kérem forduljon hozzám bizalommal!",2 390 Ft,6-7 év (gyerek),122,Unisex,új,IMG_9310,gyerek-gyerekruha-ruha-nadrag,egyeb,y6-7
Gyerek > Gyerekruhák > Gyerekruházat > Gyereknadrágok,Nadrág,"Eladó a képen látható, új Nadrág. A termékkel kapcsolatos további kérdéseivel kérem forduljon hozzám bizalommal!",3 890 Ft,4-5 év (gyerek),116,Unisex,új,IMG_9472,gyerek-gyerekruha-ruha-nadrag,egyeb,y4-5
Gyerek > Gyerekruhák > Gyerekruházat > Gyereknadrágok,Short,"Eladó a képen látható, új Short. A termékkel kapcsolatos további kérdéseivel kérem forduljon hozzám bizalommal!",3 290 Ft,6-7 év (gyerek),122,Unisex,új,IMG_9325,gyerek-gyerekruha-ruha-nadrag,egyeb,y6-7
"Baba > Babaruházat > Babaruha > Baba szabadidőruhák, együttesek, szettek",Plüss 2 részes együttes,"Eladó a képen látható, új Plüss 2 részes együttes. A termékkel kapcsolatos további kérdéseivel kérem forduljon hozzám bizalommal!",4 590 Ft,0-3 hó (baba),62,Unisex,új,IMG_9580,baba-babaruha-babaruha-szabadido,egyeb,m0-3
"Baba > Babaruházat > Babaruha > Baba szabadidőruhák, együttesek, szettek",Pamut 2 részes együttes,"Eladó a képen látható, új Pamut 2 részes együttes. A termékkel kapcsolatos további kérdéseivel kérem forduljon hozzám bizalommal!",4 990 Ft,0-3 hó (baba),62,Unisex,új,IMG_9568,baba-babaruha-babaruha-szabadido,egyeb,m0-3
Gyerek > Gyerekruhák > Gyerekruházat > Gyereknadrágok,Nadrág,"Eladó a képen látható, új Nadrág. A termékkel kapcsolatos további kérdéseivel kérem forduljon hozzám bizalommal!",4 390 Ft,4-5 év (gyerek),116,Unisex,új,IMG_9476,gyerek-gyerekruha-ruha-nadrag,egyeb,y4-5
Gyerek > Gyerekruhák > Gyerekruházat > Gyereknadrágok,Nadrág,"Eladó a képen látható, új Nadrág. A termékkel kapcsolatos további kérdéseivel kérem forduljon hozzám bizalommal!",2 990 Ft,4-5 év (gyerek),116,Unisex,új,IMG_9477,gyerek-gyerekruha-ruha-nadrag,egyeb,y4-5
"Gyerek > Gyerekruhák > Gyerekruházat > Gyerek felsőruházat, pólók, pulóverek",Póló,"Eladó a képen látható, új Póló. A termékkel kapcsolatos további kérdéseivel kérem forduljon hozzám bizalommal!",2 390 Ft,6-7 év (gyerek),122,Unisex,új,IMG_9332,gyerek-gyerekruha-ruha-felso,egyeb,y6-7
"Gyerek > Gyerekruhák > Gyerekruházat > Gyerek felsőruházat, pólók, pulóverek",Póló,"Eladó a képen látható, új Póló. A termékkel kapcsolatos további kérdéseivel kérem forduljon hozzám bizalommal!",2 390 Ft,6-7 év (gyerek),122,Unisex,új,IMG_9330,gyerek-gyerekruha-ruha-felso,egyeb,y6-7
Gyerek > Gyerekruhák > Gyerekruházat > Gyereknadrágok,Nadrág,"Eladó a képen látható, új Nadrág. A termékkel kapcsolatos további kérdéseivel kérem forduljon hozzám bizalommal!",4 990 Ft,4-5 év (gyerek),116,Unisex,új,IMG_9474,gyerek-gyerekruha-ruha-nadrag,egyeb,y4-5
Gyerek > Gyerekruhák > Gyerekruházat > Gyereknadrágok,Nadrág,"Eladó a képen látható, új Nadrág. A termékkel kapcsolatos további kérdéseivel kérem forduljon hozzám bizalommal!",4 990 Ft,4-5 év (gyerek),116,Unisex,új,IMG_9470,gyerek-gyerekruha-ruha-nadrag,egyeb,y4-5
Gyerek > Gyerekruhák > Gyerekruházat > Gyereknadrágok,Nadrág,"Eladó a képen látható, új Nadrág. A termékkel kapcsolatos további kérdéseivel kérem forduljon hozzám bizalommal!",4 990 Ft,4-5 év (gyerek),116,Unisex,új,IMG_9475,gyerek-gyerekruha-ruha-nadrag,egyeb,y4-5
Gyerek > Gyerekruhák > Gyerekruházat > Gyerekruha szettek,2 részes együttes,"Eladó a képen látható, új 2 részes együttes. A termékkel kapcsolatos további kérdéseivel kérem forduljon hozzám bizalommal!",7 990 Ft,6-7 év (gyerek),122,Unisex,új,IMG_9290,gyerek-gyerekruha-ruha-szett,egyeb,y6-7
Gyerek > Gyerekruhák > Gyerekruházat > Gyerekruha szettek,2 részes együttes,"Eladó a képen látható, új 2 részes együttes. A termékkel kapcsolatos további kérdéseivel kérem forduljon hozzám bizalommal!",7 990 Ft,4-5 év (gyerek),116,Unisex,új,IMG_9462,gyerek-gyerekruha-ruha-szett,egyeb,y4-5
Gyerek > Gyerekruhák > Gyerekruházat > Gyereknadrágok,Nadrág,"Eladó a képen látható, új Nadrág. A termékkel kapcsolatos további kérdéseivel kérem forduljon hozzám bizalommal!",1 990 Ft,4-5 év (gyerek),116,Unisex,új,IMG_9382,gyerek-gyerekruha-ruha-nadrag,egyeb,y4-5
Gyerek > Gyerekruhák > Gyerekruházat > Gyereknadrágok,Nadrág,"Eladó a képen látható, új Nadrág. A termékkel kapcsolatos további kérdéseivel kérem forduljon hozzám bizalommal!",2 680 Ft,4-5 év (gyerek),116,Unisex,új,IMG_9372,gyerek-gyerekruha-ruha-nadrag,egyeb,y4-5
"Baba > Babaruházat > Babaruha > Baba szabadidőruhák, együttesek, szettek",2 részes Pamut együttes,"Eladó a képen látható, új 2 részes Pamut együttes. A termékkel kapcsolatos további kérdéseivel kérem forduljon hozzám bizalommal!",4 190 Ft,0-3 hó (baba),56,Unisex,új,IMG_9540,baba-babaruha-babaruha-szabadido,egyeb,m0-3
Gyerek > Gyerekruhák > Gyerekruházat > Gyereknadrágok,Nadrág,"Eladó a képen látható, új Nadrág. A termékkel kapcsolatos további kérdéseivel kérem forduljon hozzám bizalommal!",2 380 Ft,4-5 év (gyerek),116,Unisex,új,IMG_9366,gyerek-gyerekruha-ruha-nadrag,egyeb,y4-5
Baba > Babaruházat > Babaruha > Babanadrágok,Nadrág,"Eladó a képen látható, új Nadrág. A termékkel kapcsolatos további kérdéseivel kérem forduljon hozzám bizalommal!",2 480 Ft,0-3 hó (baba),62,Unisex,új,IMG_9563,baba-babaruha-babaruha-nadrag,egyeb,m0-3
"Baba > Babaruházat > Babaruha > Babarugdalózók, tipegők",Tipegő,"Eladó a képen látható, új Tipegő. A termékkel kapcsolatos további kérdéseivel kérem forduljon hozzám bizalommal!",2 780 Ft,0-3 hó (baba),62,Unisex,új,IMG_9543,baba-babaruha-babaruha-rugdalozo,egyeb,m0-3
"Baba > Babaruházat > Babaruha > Baba szabadidőruhák, együttesek, szettek",Pamut 2 részes együttes,"Eladó a képen látható, új Pamut 2 részes együttes. A termékkel kapcsolatos további kérdéseivel kérem forduljon hozzám bizalommal!",2 780 Ft,0-3 hó (baba),62,Unisex,új,IMG_9575,baba-babaruha-babaruha-szabadido,egyeb,m0-3
"Gyerek > Gyerekruhák > Gyerekruházat > Gyerek alsónemű, hálóruha",Alsónadrág,"Eladó a képen látható, új Alsónadrág. A termékkel kapcsolatos további kérdéseivel kérem forduljon hozzám bizalommal!",1 280 Ft,6-7 év (gyerek),122,Unisex,új,IMG_9244,gyerek-gyerekruha-ruha-also,egyeb,y6-7
Baba > Babaruházat > Babaruha > Babakabátok,Kabát,"Eladó a képen látható, új Kabát. A termékkel kapcsolatos további kérdéseivel kérem forduljon hozzám bizalommal!",2 780 Ft,0-3 hó (baba),62,Unisex,új,IMG_9551,baba-babaruha-babaruha-kabat,egyeb,m0-3
Baba > Babaruházat > Babaruha > Babakabátok,Kabát,"Eladó a képen látható, új Kabát. A termékkel kapcsolatos további kérdéseivel kérem forduljon hozzám bizalommal!",1 540 Ft,0-3 hó (baba),62,Unisex,új,IMG_9546,baba-babaruha-babaruha-kabat,egyeb,m0-3
"Gyerek > Gyerekruhák > Gyerekruházat > Gyerek alsónemű, hálóruha",Atléta,"Eladó a képen látható, új Atléta. A termékkel kapcsolatos további kérdéseivel kérem forduljon hozzám bizalommal!",990Ft,4-5 év (gyerek),116,Unisex,új,IMG_9399,gyerek-gyerekruha-ruha-also,egyeb,y4-5
"Gyerek > Gyerekruhák > Gyerekruházat > Gyerek alsónemű, hálóruha",Atléta,"Eladó a képen látható, új Atléta. A termékkel kapcsolatos további kérdéseivel kérem forduljon hozzám bizalommal!",990Ft,4-5 év (gyerek),116,Unisex,új,IMG_9396,gyerek-gyerekruha-ruha-also,egyeb,y4-5
"Gyerek > Gyerekruhák > Gyerekruházat > Gyerek alsónemű, hálóruha",Atléta,"Eladó a képen látható, új Atléta. A termékkel kapcsolatos további kérdéseivel kérem forduljon hozzám bizalommal!",960Ft,6-7 év (gyerek),122,Unisex,új,IMG_9352,gyerek-gyerekruha-ruha-also,egyeb,y6-7
"Gyerek > Gyerekruhák > Gyerekruházat > Gyerek alsónemű, hálóruha",Atléta,"Eladó a képen látható, új Atléta. A termékkel kapcsolatos további kérdéseivel kérem forduljon hozzám bizalommal!",1 280 Ft,6-7 év (gyerek),122,Unisex,új,IMG_9349,gyerek-gyerekruha-ruha-also,egyeb,y6-7
"Gyerek > Gyerekruhák > Gyerekruházat > Gyerek alsónemű, hálóruha",Atléta,"Eladó a képen látható, új Atléta. A termékkel kapcsolatos további kérdéseivel kérem forduljon hozzám bizalommal!",990Ft,4-5 év (gyerek),116,Unisex,új,IMG_9398,gyerek-gyerekruha-ruha-also,egyeb,y4-5
Baba > Babaruházat > Babaruha > Babanadrágok,Nadrág,"Eladó a képen látható, új Nadrág. A termékkel kapcsolatos további kérdéseivel kérem forduljon hozzám bizalommal!",2 280 Ft,0-3 hó (baba),62,Unisex,új,IMG_9576,baba-babaruha-babaruha-nadrag,egyeb,m0-3
Baba > Babaruházat > Babaruha > Babanadrágok,Nadrág,"Eladó a képen látható, új Nadrág. A termékkel kapcsolatos további kérdéseivel kérem forduljon hozzám bizalommal!",2 280 Ft,0-3 hó (baba),62,Unisex,új,IMG_9561,baba-babaruha-babaruha-nadrag,egyeb,m0-3
Baba > Babaruházat > Babaruha > Babanadrágok,Nadrág,"Eladó a képen látható, új Nadrág. A termékkel kapcsolatos további kérdéseivel kérem forduljon hozzám bizalommal!",2 280 Ft,0-3 hó (baba),62,Unisex,új,IMG_9560,baba-babaruha-babaruha-nadrag,egyeb,m0-3
"Gyerek > Gyerekruhák > Gyerekruházat > Gyerek felsőruházat, pólók, pulóverek",Póló,"Eladó a képen látható, új Póló. A termékkel kapcsolatos további kérdéseivel kérem forduljon hozzám bizalommal!",1 980 Ft,4-5 év (gyerek),116,Unisex,új,IMG_9416,gyerek-gyerekruha-ruha-felso,egyeb,y4-5
"Gyerek > Gyerekruhák > Gyerekruházat > Gyerek felsőruházat, pólók, pulóverek",Póló,"Eladó a képen látható, új Póló. A termékkel kapcsolatos további kérdéseivel kérem forduljon hozzám bizalommal!",1 980 Ft,4-5 év (gyerek),116,Unisex,új,IMG_9414,gyerek-gyerekruha-ruha-felso,egyeb,y4-5
"Gyerek > Gyerekruhák > Gyerekruházat > Gyerek felsőruházat, pólók, pulóverek",Póló,"Eladó a képen látható, új Póló. A termékkel kapcsolatos további kérdéseivel kérem forduljon hozzám bizalommal!",2 280 Ft,6-7 év (gyerek),122,Unisex,új,IMG_9334,gyerek-gyerekruha-ruha-felso,egyeb,y6-7
Gyerek > Gyerekruhák > Gyerekruházat > Gyereknadrágok,Short,"Eladó a képen látható, új Short. A termékkel kapcsolatos további kérdéseivel kérem forduljon hozzám bizalommal!",1 980 Ft,6-7 év (gyerek),122,Unisex,új,IMG_9249,gyerek-gyerekruha-ruha-nadrag,egyeb,y6-7
Gyerek > Gyerekruhák > Gyerekruházat > Gyereknadrágok,Short,"Eladó a képen látható, új Short. A termékkel kapcsolatos további kérdéseivel kérem forduljon hozzám bizalommal!",1 980 Ft,6-7 év (gyerek),122,Unisex,új,IMG_9249,gyerek-gyerekruha-ruha-nadrag,egyeb,y6-7
"Gyerek > Gyerekruhák > Gyerekruházat > Gyerek alsónemű, hálóruha",Atléta,"Eladó a képen látható, új Atléta. A termékkel kapcsolatos további kérdéseivel kérem forduljon hozzám bizalommal!",1 480 Ft,4-5 év (gyerek),116,Unisex,új,IMG_9395,gyerek-gyerekruha-ruha-also,egyeb,y4-5
"Gyerek > Gyerekruhák > Gyerekruházat > Gyerek alsónemű, hálóruha",Atléta,"Eladó a képen látható, új Atléta. A termékkel kapcsolatos további kérdéseivel kérem forduljon hozzám bizalommal!",1 280 Ft,6-7 év (gyerek),122,Unisex,új,IMG_9351,gyerek-gyerekruha-ruha-also,egyeb,y6-7
Gyerek > Gyerekruhák > Gyerekruházat > Gyereknadrágok,Nadrág,"Eladó a képen látható, új Nadrág. A termékkel kapcsolatos további kérdéseivel kérem forduljon hozzám bizalommal!",2 680 Ft,4-5 év (gyerek),116,Unisex,új,IMG_9378,gyerek-gyerekruha-ruha-nadrag,egyeb,y4-5
Gyerek > Gyerekruhák > Gyerekruházat > Gyereknadrágok,Nadrág,"Eladó a képen látható, új Nadrág. A termékkel kapcsolatos további kérdéseivel kérem forduljon hozzám bizalommal!",1 980 Ft,4-5 év (gyerek),116,Unisex,új,IMG_9365,gyerek-gyerekruha-ruha-nadrag,egyeb,y4-5
"Gyerek > Gyerekruhák > Gyerekruházat > Gyerek alsónemű, hálóruha",Alsónadrág,"Eladó a képen látható, új Alsónadrág. A termékkel kapcsolatos további kérdéseivel kérem forduljon hozzám bizalommal!",790Ft,6-7 év (gyerek),122,Unisex,új,IMG_9243,gyerek-gyerekruha-ruha-also,egyeb,y6-7
Gyerek > Gyerekruhák > Gyerekruházat > Gyereknadrágok,Short,"Eladó a képen látható, új Short. A termékkel kapcsolatos további kérdéseivel kérem forduljon hozzám bizalommal!",2 180 Ft,6-7 év (gyerek),122,Unisex,új,IMG_9309,gyerek-gyerekruha-ruha-nadrag,egyeb,y6-7
"Baba > Babaruházat > Babaruha > Baba szabadidőruhák, együttesek, szettek",3 részes Pamut együttes,"Eladó a képen látható, új 3 részes Pamut együttes. A termékkel kapcsolatos további kérdéseivel kérem forduljon hozzám bizalommal!",4 190 Ft,0-3 hó (baba),56,Unisex,új,IMG_9537,baba-babaruha-babaruha-szabadido,egyeb,m0-3
"Baba > Babaruházat > Babaruha > Babarugdalózók, tipegők",Hurkolt pamut rugdalózó,"Eladó a képen látható, új Hurkolt pamut rugdalózó. A termékkel kapcsolatos további kérdéseivel kérem forduljon hozzám bizalommal!",3 180 Ft,0-3 hó (baba),50,Unisex,új,IMG_9510,baba-babaruha-babaruha-rugdalozo,egyeb,m0-3
"Baba > Babaruházat > Babaruha > Babarugdalózók, tipegők",Pamut hosszú ujjú rugdalózó,"Eladó a képen látható, új Pamut hosszú ujjú rugdalózó. A termékkel kapcsolatos további kérdéseivel kérem forduljon hozzám bizalommal!",3 180 Ft,0-3 hó (baba),50,Unisex,új,IMG_9509,baba-babaruha-babaruha-rugdalozo,egyeb,m0-3
"Baba > Babaruházat > Babaruha > Babarugdalózók, tipegők",Tipegő,"Eladó a képen látható, új Tipegő. A termékkel kapcsolatos további kérdéseivel kérem forduljon hozzám bizalommal!",3 180 Ft,0-3 hó (baba),62,Unisex,új,IMG_9545,baba-babaruha-babaruha-rugdalozo,egyeb,m0-3
Gyerek > Gyerekruhák > Gyerekruházat > Gyereknadrágok,Nadrág,"Eladó a képen látható, új Nadrág. A termékkel kapcsolatos további kérdéseivel kérem forduljon hozzám bizalommal!",2 680 Ft,4-5 év (gyerek),116,Unisex,új,IMG_9379,gyerek-gyerekruha-ruha-nadrag,egyeb,y4-5
"Baba > Babaruházat > Babaruha > Babarugdalózók, tipegők",Ujjatlan rugdalózó,"Eladó a képen látható, új Ujjatlan rugdalózó. A termékkel kapcsolatos további kérdéseivel kérem forduljon hozzám bizalommal!",2 980 Ft,0-3 hó (baba),50,Unisex,új,IMG_9529,baba-babaruha-babaruha-rugdalozo,egyeb,m0-3